[{"deliveryUrl":"https://assets-us-01.kc-usercontent.com:443/53c7c06c-d108-00df-f62c-5338f11c4482/6ebc63d1-6566-493f-8703-8284c75e6783/300","fileName":"300","id":"91aa1020-3231-4a46-a86d-56bcd87a1e60","type":"image/jpeg","description":"","size":29573,"zipFilePath":"assets/91a/91aa1020-3231-4a46-a86d-56bcd87a1e60/300","title":"300"},{"deliveryUrl":"https://assets-us-01.kc-usercontent.com:443/53c7c06c-d108-00df-f62c-5338f11c4482/9ad3be6b-fe7c-4c1b-9d13-05cc56fe3f6f/female2","fileName":"female2","id":"2e867f4c-3a4b-4169-af10-c24111a14123","type":"image/jpeg","description":"","size":5772,"zipFilePath":"assets/2e8/2e867f4c-3a4b-4169-af10-c24111a14123/female2","title":"female2"},{"deliveryUrl":"https://assets-us-01.kc-usercontent.com:443/53c7c06c-d108-00df-f62c-5338f11c4482/c0d20207-a9c9-4396-89d2-278b6c9557d8/300","fileName":"300","id":"7cd01ac5-a419-4dae-9023-f6dc11518dc0","type":"image/jpeg","description":"","size":25011,"zipFilePath":"assets/7cd/7cd01ac5-a419-4dae-9023-f6dc11518dc0/300","title":"300"},{"deliveryUrl":"https://assets-us-01.kc-usercontent.com:443/53c7c06c-d108-00df-f62c-5338f11c4482/a13a262a-b11d-4d52-996f-278e279bd872/male7","fileName":"male7","id":"274c9476-7d8f-4b97-b0de-40617c358e37","type":"image/jpeg","description":"","size":10517,"zipFilePath":"assets/274/274c9476-7d8f-4b97-b0de-40617c358e37/male7","title":"male7"},{"deliveryUrl":"https://assets-us-01.kc-usercontent.com:443/53c7c06c-d108-00df-f62c-5338f11c4482/264ad346-da39-43a1-bc21-97f106b0ce2f/female24","fileName":"female24","id":"4b5606a5-2cc6-4e56-bc12-6dd6e7e2c546","type":"image/jpeg","description":"","size":9355,"zipFilePath":"assets/4b5/4b5606a5-2cc6-4e56-bc12-6dd6e7e2c546/female24","title":"female24"},{"deliveryUrl":"https://assets-us-01.kc-usercontent.com:443/53c7c06c-d108-00df-f62c-5338f11c4482/6cbb2788-fa09-4806-9e4c-ca2037a6ac68/male6","fileName":"male6","id":"932bfc77-0ce3-4106-aec2-2eda4a88cad0","type":"image/jpeg","description":"","size":8459,"zipFilePath":"assets/932/932bfc77-0ce3-4106-aec2-2eda4a88cad0/male6","title":"male6"},{"deliveryUrl":"https://assets-us-01.kc-usercontent.com:443/53c7c06c-d108-00df-f62c-5338f11c4482/4274807f-e01c-4d15-ab53-2b57501e5296/300","fileName":"300","id":"57c9b846-fbd3-445a-a0f9-e8a9d29bb0cf","type":"image/jpeg","description":"","size":21026,"zipFilePath":"assets/57c/57c9b846-fbd3-445a-a0f9-e8a9d29bb0cf/300","title":"300"},{"deliveryUrl":"https://assets-us-01.kc-usercontent.com:443/53c7c06c-d108-00df-f62c-5338f11c4482/4fe6f60d-692d-499f-b2cf-b898841c0edd/300","fileName":"300","id":"2816e030-a331-4f0f-948d-53149013ceda","type":"image/jpeg","description":"","size":18443,"zipFilePath":"assets/281/2816e030-a331-4f0f-948d-53149013ceda/300","title":"300"},{"deliveryUrl":"https://assets-us-01.kc-usercontent.com:443/53c7c06c-d108-00df-f62c-5338f11c4482/b88818fd-7df7-4c0e-a8b5-4161c5e000f6/female6","fileName":"female6","id":"66b33235-9563-4faa-abc0-aa4df651ef92","type":"image/jpeg","description":"","size":6443,"zipFilePath":"assets/66b/66b33235-9563-4faa-abc0-aa4df651ef92/female6","title":"female6"},{"deliveryUrl":"https://assets-us-01.kc-usercontent.com:443/53c7c06c-d108-00df-f62c-5338f11c4482/42832abf-4148-496b-a7f3-df084500bb99/300","fileName":"300","id":"bc6f2c76-3928-4a42-8827-47cf6d557f86","type":"image/jpeg","description":"","size":19197,"zipFilePath":"assets/bc6/bc6f2c76-3928-4a42-8827-47cf6d557f86/300","title":"300"},{"deliveryUrl":"https://assets-us-01.kc-usercontent.com:443/53c7c06c-d108-00df-f62c-5338f11c4482/03e5e7ab-c88d-4032-ad98-4aef6d38890c/300","fileName":"300","id":"9ce6f769-c594-4f18-8f72-7ac05232128e","type":"image/jpeg","description":"","size":19100,"zipFilePath":"assets/9ce/9ce6f769-c594-4f18-8f72-7ac05232128e/300","title":"300"},{"deliveryUrl":"https://assets-us-01.kc-usercontent.com:443/53c7c06c-d108-00df-f62c-5338f11c4482/6ebc63d1-6566-493f-8703-8284c75e6783/300","fileName":"300","id":"dc030864-1c22-4122-bb38-e9a94284104c","type":"image/jpeg","description":null,"size":29573,"zipFilePath":"assets/dc0/dc030864-1c22-4122-bb38-e9a94284104c/300","title":"300"},{"deliveryUrl":"https://assets-us-01.kc-usercontent.com:443/53c7c06c-d108-00df-f62c-5338f11c4482/9ad3be6b-fe7c-4c1b-9d13-05cc56fe3f6f/female2","fileName":"female2","id":"27f1c922-5814-4381-925c-43f7b88bf44a","type":"image/jpeg","description":null,"size":5772,"zipFilePath":"assets/27f/27f1c922-5814-4381-925c-43f7b88bf44a/female2","title":"female2"},{"deliveryUrl":"https://assets-us-01.kc-usercontent.com:443/53c7c06c-d108-00df-f62c-5338f11c4482/c0d20207-a9c9-4396-89d2-278b6c9557d8/300","fileName":"300","id":"0ee8acde-3186-49df-82e9-6d74d519947d","type":"image/jpeg","description":null,"size":25011,"zipFilePath":"assets/0ee/0ee8acde-3186-49df-82e9-6d74d519947d/300","title":"300"},{"deliveryUrl":"https://assets-us-01.kc-usercontent.com:443/53c7c06c-d108-00df-f62c-5338f11c4482/a13a262a-b11d-4d52-996f-278e279bd872/male7","fileName":"male7","id":"16d68584-1a93-40ac-8254-0ede31cd5b6a","type":"image/jpeg","description":null,"size":10517,"zipFilePath":"assets/16d/16d68584-1a93-40ac-8254-0ede31cd5b6a/male7","title":"male7"},{"deliveryUrl":"https://assets-us-01.kc-usercontent.com:443/53c7c06c-d108-00df-f62c-5338f11c4482/264ad346-da39-43a1-bc21-97f106b0ce2f/female24","fileName":"female24","id":"e57c9135-916e-434c-a407-99ba8c498db2","type":"image/jpeg","description":null,"size":9355,"zipFilePath":"assets/e57/e57c9135-916e-434c-a407-99ba8c498db2/female24","title":"female24"},{"deliveryUrl":"https://assets-us-01.kc-usercontent.com:443/53c7c06c-d108-00df-f62c-5338f11c4482/6cbb2788-fa09-4806-9e4c-ca2037a6ac68/male6","fileName":"male6","id":"8736cd7f-aead-4bd8-a5b9-b317a2adf0ff","type":"image/jpeg","description":null,"size":8459,"zipFilePath":"assets/873/8736cd7f-aead-4bd8-a5b9-b317a2adf0ff/male6","title":"male6"},{"deliveryUrl":"https://assets-us-01.kc-usercontent.com:443/53c7c06c-d108-00df-f62c-5338f11c4482/4274807f-e01c-4d15-ab53-2b57501e5296/300","fileName":"300","id":"9751b54d-4d8b-449a-95d1-a5445d105a46","type":"image/jpeg","description":null,"size":21026,"zipFilePath":"assets/975/9751b54d-4d8b-449a-95d1-a5445d105a46/300","title":"300"},{"deliveryUrl":"https://assets-us-01.kc-usercontent.com:443/53c7c06c-d108-00df-f62c-5338f11c4482/4fe6f60d-692d-499f-b2cf-b898841c0edd/300","fileName":"300","id":"01f94cad-7664-4ebe-b517-0feb7b08bfd2","type":"image/jpeg","description":null,"size":18443,"zipFilePath":"assets/01f/01f94cad-7664-4ebe-b517-0feb7b08bfd2/300","title":"300"},{"deliveryUrl":"https://assets-us-01.kc-usercontent.com:443/53c7c06c-d108-00df-f62c-5338f11c4482/b88818fd-7df7-4c0e-a8b5-4161c5e000f6/female6","fileName":"female6","id":"450f8a2b-e11a-4b31-b83a-8cd610d012ba","type":"image/jpeg","description":null,"size":6443,"zipFilePath":"assets/450/450f8a2b-e11a-4b31-b83a-8cd610d012ba/female6","title":"female6"},{"deliveryUrl":"https://assets-us-01.kc-usercontent.com:443/53c7c06c-d108-00df-f62c-5338f11c4482/42832abf-4148-496b-a7f3-df084500bb99/300","fileName":"300","id":"bbc8473c-dd0c-491d-8722-dedb7fb8c2ea","type":"image/jpeg","description":null,"size":19197,"zipFilePath":"assets/bbc/bbc8473c-dd0c-491d-8722-dedb7fb8c2ea/300","title":"300"},{"deliveryUrl":"https://assets-us-01.kc-usercontent.com:443/53c7c06c-d108-00df-f62c-5338f11c4482/03e5e7ab-c88d-4032-ad98-4aef6d38890c/300","fileName":"300","id":"1c25229d-ddac-4402-9308-2c8f5650e574","type":"image/jpeg","description":null,"size":19100,"zipFilePath":"assets/1c2/1c25229d-ddac-4402-9308-2c8f5650e574/300","title":"300"}]