[{"elements":[{"options":[],"codename":"site_content","taxonomyGroup":"site_content","name":"Site content","type":"taxonomy"},{"options":[],"codename":"date_of_birth","name":"Date of birth","type":"date_time"},{"options":[],"codename":"about","name":"About","type":"text"},{"options":[],"codename":"slug","name":"Slug","type":"url_slug"},{"options":[],"codename":"avatar","name":"Avatar","type":"asset"},{"options":[],"codename":"location","name":"Location","type":"text"},{"options":[],"codename":"name","name":"Name","type":"text"}],"system":{"codename":"author","id":"7001b3b9-d13e-4572-8ab0-2968dc833bc0","name":"Author"}},{"elements":[{"options":[],"codename":"content","name":"Content","type":"rich_text"},{"options":[],"codename":"authors","name":"Authors","type":"modular_content"},{"options":[],"codename":"post_categories","taxonomyGroup":"post_categories","name":"Post categories","type":"taxonomy"},{"options":[],"codename":"post_tags","taxonomyGroup":"post_tags","name":"Post tags","type":"taxonomy"},{"options":[],"codename":"site_content","taxonomyGroup":"site_content","name":"Site content","type":"taxonomy"},{"options":[],"codename":"short_description","name":"Short description","type":"text"},{"options":[],"codename":"title","name":"Title","type":"text"},{"options":[],"codename":"slug","name":"Slug","type":"url_slug"},{"options":[],"codename":"thumbnail","name":"Thumbnail","type":"asset"},{"options":[],"codename":"published","name":"Published","type":"date_time"}],"system":{"codename":"blog_post","id":"969bce02-d42e-4d73-8540-c185da1cb46d","name":"Blog Post"}},{"elements":[{"options":[],"codename":"content","name":"Content","type":"rich_text"},{"options":[],"codename":"title","name":"Title","type":"text"},{"options":[],"codename":"site_content","taxonomyGroup":"site_content","name":"Site content","type":"taxonomy"},{"options":[],"codename":"slug","name":"Slug","type":"url_slug"}],"system":{"codename":"page","id":"2da44c96-71b1-4927-8d3a-af54e89294fe","name":"Page"}}]