[{"codename":"a_habitant_pharetra_phasellus_urna_facilisis","id":"40d8ca55-5ec9-5f63-b723-1a9a3ed966db","name":"A Habitant Pharetra Phasellus Urna Facilisis","typeCodename":"blog_post"},{"codename":"catherine_munoz","id":"b4d49410-5906-5d5f-a461-93a464426a38","name":"Catherine Munoz","typeCodename":"author"},{"codename":"about_us","id":"ba2b84cd-8e96-523a-9c6d-8e538a6cdcb9","name":"About us","typeCodename":"page"},{"codename":"aptent","id":"1e4ba4ab-b031-564a-a1d2-1f6e02be693a","name":"Aptent","typeCodename":"blog_post"},{"codename":"matthew_hunter","id":"22b63f24-988e-5451-9c1e-d46a28d842bd","name":"Matthew Hunter","typeCodename":"author"},{"codename":"emily_black","id":"4e99115a-426b-55b6-9113-90840f7afd13","name":"Emily Black","typeCodename":"author"},{"codename":"christopher_hopkins","id":"25aa88ae-f1ae-57b7-b1e9-16b82640f5c9","name":"Christopher Hopkins","typeCodename":"author"},{"codename":"etiam_vel_placerat_eros","id":"da1d79a3-e886-5ba4-80f7-0faed389864f","name":"Etiam vel placerat eros","typeCodename":"blog_post"},{"codename":"facilisi","id":"d3e5d8bf-b5e6-57b7-b640-0c67bb5eda9a","name":"Facilisi","typeCodename":"blog_post"},{"codename":"lauren_wade","id":"717b98cf-af4f-5c42-9b6e-83a60f5b4a7f","name":"Lauren Wade","typeCodename":"author"},{"codename":"parturient_convallis_nisi_rhoncus_urna","id":"ab4a77a4-7666-5e3f-b969-a1df7fa25dcf","name":"Parturient Convallis Nisi Rhoncus Urna","typeCodename":"blog_post"},{"codename":"tempor_luctus_imperdiet_massa_id_et","id":"2bf05f46-3420-5045-910f-13cdb011bcde","name":"Tempor Luctus Imperdiet Massa Id Et","typeCodename":"blog_post"}]