[{"system":{"name":"Post categories","codename":"post_categories","id":"9b8ce016-d965-4229-9890-2a5b1d5352e3","lastModified":"2019-04-25T19:58:39.0074197Z"},"terms":[{"codename":"facilisi_delenit","name":"Facilisi delenit","terms":[]},{"codename":"sed_amet","name":"Sed amet","terms":[]},{"codename":"magna_et","name":"Magna et","terms":[]}]},{"system":{"name":"Post tags","codename":"post_tags","id":"26cc421d-3009-431b-8b93-ec79d2d332ce","lastModified":"2019-04-25T19:58:38.4917732Z"},"terms":[{"codename":"lorem","name":"Lorem","terms":[]},{"codename":"elitr","name":"Elitr","terms":[]},{"codename":"diam","name":"Diam","terms":[]},{"codename":"eos","name":"Eos","terms":[]},{"codename":"consequat","name":"Consequat","terms":[]}]},{"system":{"name":"Site content","codename":"site_content","id":"37dae20f-38b5-49d3-8ae4-3f0346df8e81","lastModified":"2019-05-24T14:53:37.6489057Z"},"terms":[{"codename":"posts","name":"Posts","terms":[]},{"codename":"authors","name":"Authors","terms":[]}]}]